ALA,ARG,ASN,ASP,CYS,GLN,GLU,GLY,HIS,ILE,LEU,LYS,MET,PHE,PRO,SER,THR,TRP,TYR,VAL
-53.86523,109.993744,19.494936,-139.56635,-183.58678,-8.446424,-65.98018,-8.1488905,95.371284,-70.3343,-70.110466,-74.29452,-53.969902,-45.89098,57.622177,-14.635785,-96.91408,-47.47065,-27.24082,-95.8104
-138.71124,-28.377714,-72.63705,-3.4628723,-4.517911,-35.489845,-24.659876,-170.97427,-36.5278,-75.403336,-120.682205,-22.198048,-26.958445,-54.342846,-151.4246,-103.63821,-44.20734,-9.9665165,-64.16137,-86.60392
114.730156,101.526024,95.40781,147.82481,167.7119,90.19609,139.1951,59.465008,78.43278,144.50035,148.8716,115.81788,128.90747,150.51851,19.979225,97.03674,141.9868,143.52354,124.76885,162.57224
194.88185,-112.241356,25.781776,38.220234,184.71425,-41.376713,-12.684609,157.71213,-7.797323,197.54213,226.16086,-92.00761,126.61953,161.01855,64.31211,84.678246,81.80264,85.73182,83.43257,218.84557
-91.920235,-118.2134,-59.229282,-230.75572,-86.70887,-94.39513,-185.81593,-107.74732,38.78686,28.042534,5.5251803,-250.92627,53.98997,40.785606,-1.3988804,-120.58138,-181.21457,51.537376,35.595894,-56.8028
114.52337,-64.3746,60.809387,61.563675,138.18045,19.709076,40.660995,56.51958,-17.14533,157.103,142.78355,-20.325422,108.45868,98.5902,-11.926513,71.30216,72.224335,56.847275,78.902275,151.4069
110.38111,197.44722,140.04214,74.84493,-45.0909,147.6552,120.10769,155.89214,111.58092,45.61932,62.116272,200.24948,18.214035,35.96526,166.04462,151.32497,98.21498,19.9933,76.059784,49.167614
-94.870094,-108.488846,-61.852585,-101.03169,-22.102388,-68.40324,-108.71924,-100.98373,-27.305298,-13.0380125,-42.23622,-140.47069,11.553841,-14.505186,-44.543167,-100.32898,-109.4712,9.834328,-8.39137,-65.339096
-100.23736,-2.4418595,-18.642565,-35.91767,-118.62939,2.3252952,-3.4990015,-85.53694,-44.47513,-124.497925,-136.89857,105.721146,-81.796,-126.84861,-65.57192,-42.977974,-50.10515,-102.33004,-61.684586,-127.37622
91.33978,173.41173,173.63109,106.45369,-34.86217,171.18083,141.11044,77.03483,165.29393,78.332275,43.3638,126.13855,94.9105,29.166332,148.45026,131.66972,78.73978,38.535492,98.01152,39.933846
-138.74919,-120.531746,-72.742874,-98.712,-146.8867,-74.28948,-105.935905,-109.68865,-91.40727,-141.53644,-185.79895,-162.91069,-114.27532,-182.74295,-71.55936,-104.77149,-136.25505,-168.79651,-150.28964,-171.09828
28.686806,-69.10588,-142.28848,-16.389856,178.38718,-144.58112,-74.96859,-12.408295,-76.09236,38.075,87.682686,-66.53074,-2.122301,116.05715,-117.43769,-59.55045,41.14536,83.41643,-29.453463,115.52956
7.511847,-160.84645,-49.185623,-121.71839,-139.11353,-73.65144,-106.28017,111.872246,-143.20142,-106.61443,-70.223526,-91.47469,-157.4145,-151.45494,48.79604,-6.7830715,-101.62329,-213.17838,-126.16809,-91.09205
-140.28677,-84.55978,-125.60096,-7.688208,7.209092,-91.62099,-35.461094,-150.14151,-104.635086,-113.88304,-97.4702,-82.24635,-84.99247,-61.155,-148.41484,-139.87671,-64.04294,-30.03886,-78.31201,-87.064995
106.58617,69.7642,50.52917,13.896177,85.994026,16.35307,26.561003,106.69791,69.0374,100.85982,148.64764,91.05887,83.307396,120.86575,64.74492,67.866714,57.833614,106.38955,120.77057,115.17442
-39.242012,-217.6884,-120.32787,-182.41328,-53.96753,-167.90652,-198.18306,-11.002014,-131.99097,-57.29478,-65.37513,-187.63966,-86.25974,-95.25162,-69.16297,-79.29624,-128.688,-143.99252,-152.13602,-59.187054
-75.08244,38.735287,-22.581112,189.7097,184.35303,35.947094,111.78297,-200.38873,27.834652,43.63827,-23.429,6.9060345,109.4259,83.30352,-127.34837,-58.254986,104.77081,154.60054,43.124584,45.081066
132.11244,65.74316,65.773926,40.27558,-3.6929271,45.725597,62.845703,180.55048,2.1028259,25.514467,74.151245,108.346886,-40.075134,7.503089,86.31111,122.074844,74.061966,-50.23366,-0.0987068,72.23502
-63.978455,110.754684,48.65377,25.495283,-48.7191,81.6307,50.660004,-62.861084,105.66784,-9.382532,-36.82248,22.683311,43.479683,7.159244,42.53752,-20.310116,-24.979925,69.274376,65.81805,-56.763123
-103.64479,-144.05084,-96.32388,-20.898663,-42.209396,-86.732124,-61.8063,-94.250015,-120.21092,-114.15016,-110.83058,-102.83398,-87.86372,-108.95144,-60.882004,-104.80428,-72.38179,-89.30439,-89.40854,-105.40664
38.190987,-21.976267,23.40687,5.219842,-87.60364,15.877221,10.074243,123.286255,-77.355995,-81.825806,-61.694454,51.521496,-116.44627,-135.63058,54.451405,64.39174,8.249126,-172.34897,-103.064255,-51.34562
-94.47961,-95.60264,-111.18826,-44.50922,-59.041107,-107.23302,-67.66514,-60.003555,-126.07719,-130.88344,-118.92675,-88.29742,-130.97646,-107.21053,-106.76136,-95.240486,-75.295715,-112.59459,-141.62718,-98.06153
-158.51053,-290.34912,-235.93301,-83.649025,33.39737,-229.52081,-173.29227,-167.40028,-234.38979,-157.94965,-176.49039,-199.84215,-140.79951,-150.10909,-239.5756,-196.49286,-108.32704,-147.97879,-233.25516,-109.37929
-145.02222,-169.97134,-144.5932,-124.31879,12.202564,-113.583305,-159.39888,-199.17679,-76.08258,-18.05983,-77.68006,-218.37317,6.2844367,-15.82412,-111.3562,-162.18015,-105.86417,20.361378,-62.65307,-67.228264
-85.348625,-38.564068,-29.56396,-29.084703,0.08390828,-22.349453,-41.089214,-123.127785,31.4711,2.4632711,-57.0429,-140.44458,45.055744,-3.1398187,-48.066628,-79.723755,-62.52486,39.943325,-9.377245,-45.13631
-53.515972,-155.5266,-52.049446,-32.77724,-157.30821,-80.73401,-50.828278,22.797335,-167.41261,-191.07497,-194.92143,-82.991035,-194.23933,-253.41032,-67.346825,-33.117146,-88.728424,-288.91513,-227.55992,-154.18568
30.25017,107.02836,75.39649,174.63763,5.618838,106.78728,165.22525,44.261417,-14.870582,-40.84624,-47.718296,208.01952,-39.490276,-60.814682,-4.2849154,86.13425,114.62848,-55.01928,-24.944252,1.5401491
143.18434,23.961443,61.640423,55.347416,65.87953,47.77463,59.355133,153.4828,6.635297,89.946175,135.70187,123.45825,35.79309,59.41146,81.09489,106.08403,79.16332,21.0848,70.37572,111.911095
-7.8210235,158.97707,54.69313,195.57419,83.81496,105.6044,168.01271,21.37072,28.265259,-9.506186,29.36138,188.82393,17.665491,49.364567,1.7897956,30.125727,103.18161,111.41073,107.89403,16.76823
-129.15767,-45.456623,-74.20324,-132.16418,-22.647398,-50.716297,-116.33083,-181.85693,68.68486,5.5942316,-36.277554,-206.35063,64.45102,48.98408,-25.5669,-139.09932,-120.22663,106.71158,37.3505,-65.88891
-187.29878,-44.428905,-175.48767,-37.246784,63.747986,-107.34156,-73.637924,-211.0546,-85.39385,-82.44536,-75.07208,-67.07825,-46.753902,23.32761,-196.11588,-188.03712,-57.868458,80.735344,-41.37166,-69.1591
-134.14337,89.679985,1.0336694,69.64172,-121.756676,67.79126,82.23912,-94.696365,-28.225138,-174.0274,-194.21901,112.21072,-119.45359,-159.22725,-43.978355,-35.076996,-10.905293,-97.96952,-73.48695,-169.54808
