AA,AR,RR,AN,RN,NN,AD,RD,ND,DD,AC,RC,NC,DC,CC,AQ,RQ,NQ,DQ,CQ,QQ,AE,RE,NE,DE,CE,QE,EE,AG,RG,NG,DG,CG,QG,EG,GG,AH,RH,NH,DH,CH,QH,EH,GH,HH,AI,RI,NI,DI,CI,QI,EI,GI,HI,II,AL,RL,NL,DL,CL,QL,EL,GL,HL,IL,LL,AK,RK,NK,DK,CK,QK,EK,GK,HK,IK,LK,KK,AM,RM,NM,DM,CM,QM,EM,GM,HM,IM,LM,KM,MM,AF,RF,NF,DF,CF,QF,EF,GF,HF,IF,LF,KF,MF,FF,AP,RP,NP,DP,CP,QP,EP,GP,HP,IP,LP,KP,MP,FP,PP,AS,RS,NS,DS,CS,QS,ES,GS,HS,IS,LS,KS,MS,FS,PS,SS,AT,RT,NT,DT,CT,QT,ET,GT,HT,IT,LT,KT,MT,FT,PT,ST,TT,AW,RW,NW,DW,CW,QW,EW,GW,HW,IW,LW,KW,MW,FW,PW,SW,TW,WW,AY,RY,NY,DY,CY,QY,EY,GY,HY,IY,LY,KY,MY,FY,PY,SY,TY,WY,YY,AV,RV,NV,DV,CV,QV,EV,GV,HV,IV,LV,KV,MV,FV,PV,SV,TV,WV,YV,VV
6364.661606077356,-219.83977456506673,-3866.066947750528,1040.3413828855548,-2099.478882023712,-2819.0810609607524,2411.1777390604716,3556.2972398269544,650.6452988031929,-2473.0174717250356,-1118.9258835272688,-4304.989178473122,-3875.7196540418845,-3840.944405097729,-420.69321377764294,-387.56222048898894,-2362.366567435089,-2056.3223164121023,-1874.5230627284675,-4049.837467241821,-4171.13720310188,508.2622208628894,3145.441346285802,-874.4113334288819,-1423.2294909256605,-4235.9808993393335,-2328.346943694375,-3540.1571710312714,11654.772550760621,231.40986635594746,1894.768329827892,3207.6389149288734,-1256.5907825056056,-506.233081397797,-176.48299610519354,5457.120415726202,-1824.596290068879,-3541.4347559286484,-3371.373262832117,-1821.483786414717,-4215.901988849659,-4092.3007842203624,-2624.4158891583606,-1999.5000232737914,-4199.986718574328,11040.691525559561,-1359.7104835439961,-2093.614266533826,-1106.8391421578056,-1594.8075242995733,-1652.678908331279,-926.7917647702236,3646.7129290951884,-2899.586764873333,3008.2061296060388,19412.799944568585,1228.290700095038,326.36903197624184,304.21067059505,-29.74590291829822,666.4102666230784,1281.2482427445382,8108.887772072684,-1291.4856806144685,20972.584525473296,16008.397785544481,594.4667828216923,-3621.2630868159576,-1164.4551901919654,4076.467975720114,-4225.031940465611,-2120.3345867904386,4809.7280768309765,629.6883454036824,-3870.3892521510575,-1225.540640453621,1106.609386712347,-4070.0110185327353,-410.573205282855,-3961.7439708138495,-4014.8442604985767,-4035.921782553741,-4177.879747658445,-3934.753305859357,-3597.8244436115356,-2048.6415698913106,-4151.666632857521,-236.13568156873265,2793.8596611434355,-3968.6518169155556,-4299.109091884657,5091.368779059767,-2468.6942599035233,-2484.8320799317025,-2207.934992406865,-2851.7940775330685,-2368.766109116406,-2310.901018095569,1098.4012339091157,-2843.4972154774864,4759.090267793279,11804.408035768516,-2326.7124808962435,-878.3876688655578,-645.7827178845783,943.5989084225665,-2388.7306283183098,-2347.582405771483,-1941.6851146449342,-3441.788459312818,-2645.5151259692716,-2435.6732415282377,1402.7455372650402,-3327.575043768521,-824.5377895010473,2207.367938170764,-2759.561582488044,-3508.6031794530004,-1494.762268339289,-3600.004792972391,6022.490763654676,-634.6132840886307,495.6222917101591,2902.3823289784773,-2412.5674511544776,-1467.361386966874,918.4413700648056,6595.234864921311,-2351.4048601593668,1018.4709309644397,4659.538988112102,-307.5524742949211,-3219.7384801947296,142.2192223983687,-581.4195498029627,33.906406382579775,5898.641829179663,-704.5640725689572,365.59301438053836,1937.3489158242812,-2949.6914269816784,-1012.4482844816986,747.3714472392783,5887.972666143831,-2353.369840694097,2533.622362281518,5962.798828892586,-484.4464453121115,-2829.561808987141,-143.58638012289586,-618.3928574592746,4040.7469927475468,-1037.078732979277,-1971.6445863981044,-3836.760353054732,-4043.8557007353925,-3980.9335721005014,-4256.894912446406,-4367.681119281849,-3903.8977058420305,-2478.641640892925,-4333.6186700590315,-2323.3524915979183,-614.1845528078187,-4057.7256420149606,-4031.4645579595276,-2926.155085842271,-3171.801559014176,-3535.7450727034375,-3716.6808209680726,-4904.774199654309,2517.514739356599,-991.5150413541046,-1632.5577450569742,-319.71637709769345,-3379.647121073442,-2074.5694942845084,-823.6828852111297,1810.731577276749,-2983.2794327595543,1345.9517671682622,5381.986079539205,-746.3899745974397,-2659.410225550926,124.84407260127193,-771.5448639312367,112.58288492957537,-322.40102690658256,-3449.165500965177,-2932.8724977822517,16308.444289703531,-557.6432509622337,-632.6271224145625,-818.7095739714449,-656.6443970671186,-883.5132758492534,-183.7260036260464,8160.228735238855,-2209.4724804478924,14406.67511646073,27199.842262186183,12.555241493864655,-81.13448019040555,7321.953286430689,1093.620108158247,3634.7627453959435,4481.71819570185,-1701.2603214395394,2352.8715796323913,8667.544824753888
127.23037443935475,-23.173277673172667,186.19900894566058,-19.914197732821535,20.327270778869497,148.33949552661772,-34.965061201477596,-11.002175512746922,75.28067985318997,204.38575363831393,-49.57587164266917,-78.4827371199285,-34.58257180701492,-72.28298131135281,295.8755055112057,2.8233659911781386,61.75378959620574,52.574370636276186,42.22060573078522,-52.62140831246895,166.390081430797,-8.263863057381519,25.404813030381778,50.22994499584323,81.6067653847739,-82.06560226201651,80.12851553197488,167.9160162207884,-2.090793207006284,-37.861416036334845,9.970270938804825,-14.701117244805118,-68.50343355854838,-6.154423901099613,-9.583410101120123,194.22345350999456,-16.091184787336076,45.493712251506544,46.17921302919098,25.679609499802705,-74.86070133565123,64.94088346508211,34.15510816473508,-24.77228181984543,249.96590873754647,-45.38753476225142,-41.14818569576925,-67.03849467874073,-98.26685948170429,-73.85080013387218,-39.72717012631279,-70.18536163351243,-79.52300359620995,-27.955713575840207,163.84231140580155,-77.69010195407877,-52.12430004046367,-84.26563148856783,-121.44000689351495,-88.93706582700415,-54.27780483030713,-88.47700399945013,-107.9174428913877,-39.3960248910709,42.222654598580085,137.1477354813534,-20.845661952423455,93.46294436415278,20.121002999524965,4.108893070527826,-99.69774579049756,61.20665851690699,37.833272098377755,-44.35114451412343,32.34595060624142,-48.3246971626653,-69.20210547749306,188.02186057608682,2.533506977136271,-3.1502970635824776,-36.87742780085667,-65.56402086654917,-63.92259054727652,-4.029019945890532,-38.38548634863791,-42.83478109070954,-7.052901342855968,86.2394545826694,80.54185911216304,-20.79822398607798,193.64044067997483,-64.11222924992927,-50.54984861024096,-80.00285657735007,-115.97259956575023,-82.56231168874959,-59.62470256533889,-93.63027604812328,-101.28248240999248,-16.011254807590703,46.066650012108475,35.51585208686638,-75.12483107372923,60.843743380524344,255.0367267536159,36.64278116371112,-25.782504907374097,-0.9306586427193447,-18.59155801043197,-72.86807431989511,6.834499704128281,-11.9677686864919,6.045132350605797,-10.866736279466624,-33.76366549511088,-52.7355643115058,-21.688767552348875,-18.03288062459124,-57.51075496939286,258.4286590106615,3.2014162909512054,-18.292322661233683,39.060009617272094,18.09324375912676,-10.036764927721665,21.06977948937123,5.121203191211614,16.931995712779127,-0.6119778440204495,-58.770110941209786,-81.13950610463529,-17.20737018215218,-30.969569997592398,-76.78482384862576,16.169929027269095,151.66205730035463,13.02658513997847,7.7334827504321835,23.607823483206143,-2.9324815629572445,-30.91050428800142,30.368920646577585,9.23513035856455,-6.593165655410345,11.641408031443385,-11.419711270881654,-44.09700428986285,1.7918201331208223,9.392377387473656,-43.64372893781611,24.623927419574944,40.478908360144615,156.83083392510773,-78.45995985718467,-34.77081786955004,-91.33767897438892,-119.68329546455719,-94.18845427664398,-49.96661811354222,-92.97764959656486,-113.55836161501965,-31.191569923459266,-8.83195892114109,-9.522572223963786,-63.877292670352155,6.719550183990581,79.1843337837808,-96.2530856257563,-96.24345598821021,-57.82020126066691,419.2621386227503,-47.80171179572128,-11.097229901539404,-38.52424729955948,-72.04381799542564,-65.55125012505053,-20.986913879353114,-52.3417213232151,-79.31845319349594,46.73959396641245,20.44764845042812,10.463789728663926,-35.16420266343278,32.86326682188661,111.68789043747883,-39.522853766906785,-52.06487831444093,-21.68864959016311,109.57150881916209,247.8421525829558,-33.85321223999821,-40.14033832897103,-61.72571631012971,-86.38039097670628,-66.32183947584933,-28.28293629540804,-55.99390812467785,-72.92059993843988,-34.06737897126663,56.12396686132988,-14.895451537824101,-43.819211443717876,63.36516497541404,-2.7171083938951424,-17.87665449459896,-53.9401104737863,0.1114789922146956,-19.68235133465651,-5.010827666707891,141.23098453765232
-15.311023862671533,12.326331525763473,-13.633641780406812,17.17265551475485,0.2591885923144001,-36.52946346099903,28.722816711526917,9.832903901965137,-34.72964950768962,3.365765572658504,80.8999668786913,47.207031201027625,26.037315939283626,19.755884328086346,78.90481372867166,1.6166830572510371,-27.480905312907534,-28.88560105338195,-16.101029150652778,30.102236825100206,-33.09694729049914,15.344413896703319,-18.5399280897772,-30.86900870023149,-12.139037536017158,31.15104918843321,-35.311697213286664,-24.557353151435542,-0.05776359962728001,23.285739610460688,0.6096893380971482,7.829132115497778,32.26507005143534,-4.364635546745649,6.554115568063689,28.586754670697076,-22.233418701511415,-52.94636596918582,-10.94343495169099,-2.6244701725821526,30.783202747195443,-49.57236326876342,-45.78167193495987,-14.745024210580437,42.96576268117459,13.842752956805715,-12.219358945336424,27.845156317465452,33.656727627135,70.52554174644527,-1.827042902021461,12.401836327577115,18.48116172192688,-22.358153475344544,8.303565908922954,17.081474065140373,-7.958801514134202,26.8876301032076,25.757671615678788,63.41270013236724,-2.4170740658440053,9.893816593877071,14.505915017746807,-17.80474135794121,-5.13101689891677,38.09227956097733,7.4383270266127255,-33.15637781105562,8.476826218297074,21.333912233903263,55.17340436654812,-18.421790731451118,-7.107587379815227,21.33611994154108,-61.77273265240121,-13.831748864398953,-15.997818651821717,-6.145917098197614,-9.114489746352072,-9.747804877147741,25.431430427097638,29.36096626767906,67.73660592767155,-2.1285998729632722,8.113631568820196,7.882745875347294,-21.716060187139572,-36.77572035838887,-28.043092847132158,-17.633598149684467,0.6207476919463767,-3.7324521708399967,-29.624548299336922,19.635160210322606,22.86700406853885,69.7329758427162,-14.23421555282774,-8.462790622699428,6.584816985502597,-9.552220502944225,-36.814982684974396,-18.32848195859897,-43.3689693917335,-36.71488331429093,70.86134036492,-47.6022993606043,-5.127450796189665,-8.71689821809675,4.057908747568364,31.650907895813127,-19.228426844551695,-9.083286233420909,-48.612240905025836,-35.954673910209365,-15.064563490684737,-19.830163233277055,-6.860109552068671,-25.34910754117233,-21.21477518220978,38.35963044150446,28.17070257046782,14.380609817592353,-25.656814355656074,-9.280478645006085,12.807346173659134,-15.806662541911203,-3.4031588080785573,-7.428510055207294,-11.226271109774368,29.571657545768268,27.08439963118251,24.96345835953134,21.382727888674573,20.44042235531579,-12.856596494204105,-19.591037247950123,-9.83954556304131,-15.645030588649545,-13.647888582605278,-1.0741535632290076,40.50670552089322,-37.586028859511124,-18.10394029399772,-17.991790821625766,-50.03315888120446,2.264581707734607,-4.873284734244321,-12.135480747274865,-13.560251278646376,-19.167913927572318,-48.62336463169153,-3.343846519488901,-20.520277486259285,3.055386624507687,-23.354542184096477,21.502286292334084,15.465490238339203,69.9294703778448,-1.0810536421180907,-4.335324237730104,19.36758428438231,-9.779067979572515,-53.98968522780387,-46.8588639906892,-36.34868298655923,-40.53694841900676,-11.299986691677844,-13.9035405920833,20.99969480702792,-11.761716715967173,181.34581683455787,-0.7402184727174294,-23.500108772979573,31.56048390887311,35.66449122505626,65.0732543839907,-9.92295332963339,0.38738903149887427,20.758736257467174,9.47519765874243,-53.07080138523047,-41.32876793389097,-32.03459242079282,-55.416554717955925,-1.4122805510664502,-6.649140228147505,26.8264219078026,-17.673582769010398,9.712095556230677,58.92861323795462,0.05921646651694687,-10.819523194232787,16.529837237279857,24.19342202160421,72.82244952788639,-8.791251140074134,7.47170867790579,7.737005333614568,-34.94582937753346,11.966464890106424,11.472690779683212,-13.828936912532171,-38.39383849698604,-28.777078099260347,-30.70573843744166,21.81715050618502,-8.759133527203971,-24.218984845198566,-41.53541608052978,13.794946634712186
-17.567989310999323,52.271720474225845,-27.686712937928707,18.265174619093074,13.625953557471975,-46.01458302043832,38.052281830860615,4.046277250041966,5.967115933285546,-15.63505231365612,-36.88710879921398,34.55283693613009,5.281876422606369,23.04754601972071,26.94750618670771,10.516195168669569,19.25101170465793,-17.06510072785578,9.852346975383695,-2.93850875244654,-40.589617759406025,30.14737389219969,10.384705377382579,1.8490537560682712,-15.533022469261569,15.640489317970838,-3.4877648025927903,-31.271532246717108,6.891572800741979,45.211507362315146,6.326443488283285,31.339645013455506,-42.97261457672715,7.27201817891942,32.408300966292344,1.5810545267232687,-2.400883955076299,30.57128836822966,-13.854052848949104,14.061612042387788,-27.826836746578,-8.157921312057434,9.72443331603501,-13.49244494339727,1.7520370643258463,2.1875952408447024,63.05434553505011,15.882755230930975,37.9045529576148,-50.23564147788069,16.018894717535744,40.5621077309332,-16.19928074970103,-5.870407682185988,-19.79804290223468,1.8530987734438538,60.435332388251496,14.702886573632,29.71053915899953,-59.590163479210155,13.036092886022749,35.97503849821668,-24.49965086058205,-3.4363951194555664,2.257089991827687,4.762639405990113,30.677444697496853,-2.1659408292633087,-4.98152508466055,-10.66792682804395,10.504428871769601,-0.4427791855925837,-10.654444444158045,24.571300122355805,8.143158713536385,37.066369023780496,35.85698202102738,-26.023575803599762,-12.226347459697276,56.65095737988081,13.768390928829712,33.002011373452376,-45.45206341227651,14.491737606302209,33.95016539011526,-19.852217582599717,6.190724256009191,-9.81703361470101,-8.507572063657562,38.40022864367913,-22.009176891367407,-16.627237870735392,52.0959520958663,9.111027048871764,25.60908909910892,-53.40172693893915,9.223589159004383,30.08366777907191,-34.533748522536804,5.376335813253587,-22.17803036196546,-13.022330975581836,29.33457577822316,-18.107586531644436,9.582633143318674,0.1813326553459037,34.67251837916451,-6.227463322324019,14.953583480679622,-35.24405264033463,-6.315650980911178,14.646452762041458,-19.59359402782084,-21.539842039839105,-4.521474500879326,-5.6901690818589135,11.06594962450305,-9.898719695218414,-15.213479921622438,-2.1416767477021996,-5.570124364814958,48.26050457324147,15.204330038384997,41.30479008161166,-19.99782053436535,6.348427992768054,35.371389870627965,-13.609779077100105,-10.977502718257233,-14.587491533446228,-21.25529676954945,28.662955017112367,-17.266489783268547,-29.351066305331113,-23.593539712366713,-24.126133677618245,-2.030211185946168,55.89911407451505,10.381644900081536,36.69550733805174,-29.92902465160321,17.516501757134833,42.61279692328943,-7.6025942607856365,-3.1233625086509758,-9.078628252730674,-15.051090983473523,35.167094175825106,-10.293683343426617,-28.370367852591695,-12.776552138860884,-12.714618606256584,-29.45133354843697,-47.43766658608001,41.254309834011124,-16.133106047612767,0.9295731453072947,-68.53574477537613,-15.985351037947401,-1.2188099705134676,-60.846538842050236,-17.049975740322168,-37.88825976319806,-38.50749360367431,12.806318116161151,-35.930773968872025,-5.520662226628444,-47.44550207677525,-47.94644257231683,-48.04862734175687,70.07326968950585,-17.603664087466484,44.1475302448143,1.8359681306246127,24.87298495224985,-45.8824773085395,3.9871358946598257,25.89110325036767,-35.793638817988516,-2.0618164480080408,-22.283422122973196,-11.97348775837603,25.236511500522575,-9.5468334419765,11.742319068802935,-23.34601510165847,-29.965205196120717,-28.825464333046178,6.090277300870124,-4.44713575458587,14.918282677451868,59.61049821468112,16.810557687610928,32.96636809731,-47.87561832883534,11.191087130119639,33.98891863375107,-19.47897800746929,-5.952429027237805,-10.276778212725173,5.5293080618178365,35.36666609608362,-10.829837232744312,-19.47781300613812,-3.835225263990451,-14.924452360844372,-7.82488403323439,-41.75355801517834,-24.964224673866298,-18.823655906444422
69.40208737845923,27.91583259243053,18.081250466756075,13.387011523675628,0.9409179376318212,21.1867756867728,33.57424122677012,36.249754063223634,22.904949155483546,22.1374632936221,35.742137225419235,6.931787095603029,-4.299289690944917,8.394858899250528,-5.391913463413199,8.533828526632167,5.048075753166102,-2.8938870228034888,13.41161820232729,3.405978650978506,28.70842181520986,28.73395524064611,34.32600622522673,9.936667294143897,2.7146508247721823,8.268744072932401,13.515992484344874,23.2848658066163,21.879104477539304,-4.079089305771415,-11.232653022216397,-2.862646916461911,-7.26431845752822,-34.190690670279814,-8.12087737149052,26.41759526218782,1.3881500945477452,-4.617072270173165,-6.825597853404743,3.4865988469072855,14.71195660573495,-14.932096107087935,-5.637318289021665,-9.329216211355535,2.174861554105156,11.684567907712202,-4.8900866766047555,-24.36460300488212,-6.559171448410996,17.044118578278926,-4.702447568390222,-2.434375106673586,-31.577808694452628,-4.3894144201141865,-8.423119476722215,34.15321680093614,6.91686287441842,-14.348966067494956,-7.602067538085942,17.345666202458936,-3.9798133418915462,1.3314990506645072,-32.526017008058204,-12.852786955908638,-7.548546421891586,9.00894633185191,4.34772366608863,0.8433770936585709,6.732384463314073,31.207988707541105,11.895118963153472,6.069760748565295,20.78543231131605,-30.48503752478289,-11.134999007286089,-17.344463045155667,-26.3415219745936,2.243210395970696,12.491816768487615,7.851857650860226,9.149768107604684,7.50759585098699,12.323746543912975,11.127266058413943,7.883980546309932,-0.781537627879335,1.645814088762646,-14.958030541065392,1.286410566253892,-5.799761716407733,4.359254860280748,29.450149157882045,-0.43942610468899596,5.587861134500015,5.271145529570994,7.696617888703225,4.645456087814541,9.246182450842097,1.958648341457776,-10.42714723033958,-18.75511216585044,-27.85596462382077,1.6929639896800832,6.677300380303042,-30.443521799914958,8.203900144438403,8.14905797322571,6.783648656610919,11.445394498615219,5.34963740244204,-3.40215935878748,6.810543782527181,-7.7094600085802645,1.6519557702938896,-9.002503592381071,15.607824224753404,-4.456752326422113,-4.061803574967165,21.695249544596223,11.235317400834983,33.01258537733785,0.23876885226137018,4.3313203572480905,32.76208582415143,-2.961296682777039,-13.201552088175921,10.086884104339878,-39.45068416779594,-14.675116002853136,-9.609456069485585,-1.8855555051908939,0.44152846134886264,7.170100017428371,23.99620359268269,3.5314851807095833,23.92643282276229,14.61426487970867,3.956596931966895,3.7255343419804707,26.161357084506445,1.9973002932107042,-1.58366060785692,16.76871375900547,-27.933529824434306,-16.598851764667845,-5.049920877041079,-15.192974294280132,-6.5598579745488435,-0.0437074864322889,12.670636410968191,1.4928745599920903,12.913677164846447,20.15980965066531,-0.41183186435592545,4.837677773218282,5.31527012844635,1.5084113451200256,5.235892063771169,-3.96132459822335,12.186388933826727,-7.850665211607035,-7.424927299054189,-10.709341659604634,-24.090194815459014,4.438836591453399,-3.0912166519768944,-32.337973283922395,11.351981299687798,-2.428993155385786,1.8786957902115589,-45.71805858051546,2.927918593027669,-2.8683721228077252,-10.205461711675724,1.1627567149753026,-8.011760373536994,-4.3371779555123195,3.5722107027587637,-32.62690601884163,-14.961584707953893,-18.970873218367778,-13.499036424480101,-17.88676276014215,1.3078128589912632,-10.894704141265786,-1.68139934571732,-16.354473414156793,-5.686444304327474,-36.782678929062435,-26.370274918436355,65.0162112434027,-7.266208758753319,-14.422227429955086,-15.026289682607894,2.84012042117805,-12.056194708664329,1.0101129709086458,-63.148740265508515,-16.92024786526393,-41.4056248085409,-26.976114160529555,-19.67271346009882,-18.598769174440136,-3.9865456431846353,-11.812161554499804,-29.474532929082553,-1.2868381574792367,-24.459523042791837,-13.97062728113853,-26.0737825391838
-8.380925562523853,-14.383713226004321,-21.326023240727217,11.773134547668894,-8.825221851854785,-37.387046642207025,-7.716104874003504,22.578544229137332,0.7055075239021931,-9.752862137828789,11.466657871877223,-22.173240458811307,8.503823680102688,-6.801308764072854,1.3851260277229251,5.598948938342665,-16.355549838756875,15.09979838421118,10.197044186315845,3.006815354466429,-35.12031002660586,-10.298164789753946,15.632983839449466,10.770460742655942,4.630062365735401,-4.932814990885942,-7.281128857230438,-25.119436346474554,27.99556336030237,-16.582760601462105,-9.434385766067427,-19.55504137559249,5.277935730653011,6.893727468090866,-0.1529042150729619,-10.556127512249933,5.800222326743605,-0.5039226408242077,12.846241818645373,3.177980541639082,-13.920840007818605,30.392882721496978,14.370720127498952,1.633831578757906,12.76935811157537,22.99781771499648,-4.281257970755225,7.86311523670954,-2.255748326487068,-5.174226419097336,14.723213969635616,8.665846465129889,11.755467486302262,-5.7889318402909655,-32.351027793919876,7.544796184311914,-8.574753261241014,7.0851897716075625,-9.836548402868052,-17.111827866277835,8.47376347462927,4.175956769198557,-6.8848174121160834,0.44494682268278724,-21.672658175255606,-25.291200416973457,-17.75068124925171,4.263297560734413,-3.771503656202279,17.249158609024324,-13.848769250659986,-8.66697761459017,7.596883581901504,-15.652569385110743,3.761317267585046,-8.896158053181173,-11.913621434245446,-24.02264391945442,21.903105435500162,-19.271953757134067,5.22658502731227,-11.980108135378307,3.295154698421958,9.658831021274564,-3.238323331152771,19.401921772102014,7.503324656535859,16.77482668521553,9.819927307423475,-4.887096991744724,-28.45564914892473,14.303645442319448,-26.52501571216155,-0.24693399923791554,-16.58126146162699,-5.162716916900119,7.8884960614046475,1.0003735083505638,0.4627270843442218,-0.9240555337150042,-7.573883233002866,-22.26493017522382,-10.80635643609324,18.51992616772266,-5.126636903767668,32.264951685756614,-6.910255018894294,8.229597170280329,-3.1382475037664643,10.60610265388396,15.909073232304069,5.351454376648365,16.783148024757118,13.326749531116173,30.100979777540026,27.30029254816107,-9.158830104825121,25.32030720518992,14.226898531656413,-24.058663644996972,18.948671907172443,-13.070674815125884,9.00376786952165,-1.5262498126853596,25.493697577310492,9.778047742370347,6.080680664986682,-0.9689235837142095,-0.284141855873029,14.62809948541189,3.449034181591464,-7.308441823343029,19.961874886409163,2.036768506132182,13.885474586911407,-23.888789619465136,30.977036588197034,-10.381025449449314,-2.2769193172528226,-9.21964822492924,18.721571602262177,20.943840844235442,11.682587557442542,24.03245548872783,7.1541763896136485,16.78938384739672,8.907102104670548,-4.0233384217247945,26.56140179548138,4.49286917467993,24.812959433076017,7.1863907981540285,-33.19885234071527,-2.363645828958373,-36.64826506609265,-24.689406038184995,-37.935405013714174,-22.944530894286046,-15.201054311058476,-31.346531854224885,-24.10372759082918,-14.058617377419614,-8.894017173315897,-14.590003103454146,-20.20475540014929,-2.1706052762129606,20.19617281907753,-3.3239444615813007,-4.67949330738209,-1.1260747883430984,59.80749749176193,16.236143398223373,-22.77498326085604,1.9148062815946245,-9.124759165035286,-12.926139249100824,16.517679906191105,2.9354274600748145,2.027979380843173,6.686129443535698,-16.897980057062963,-5.6947829533736805,-10.406744203055855,10.194358694743094,17.263086328961837,24.570567944869406,10.12256554960845,8.029507613273495,29.25414896007256,5.992199991606014,40.25091850093693,-10.228230114864006,12.449859062241718,-7.704386197307165,-3.5968648760213435,5.712606430351555,1.2271157334878462,-9.45864162516953,-5.067435211000205,-34.63748618592601,-28.127303084982902,-12.349136282286302,15.954055004740617,-5.432568562521569,27.663608834526258,9.460840244642416,18.523991936956744,-13.50627836153155,-14.212581572061445,-43.61564414574241
-23.18969591215822,-6.496122061098099,21.77662813085995,1.5638654712476336,3.3436831927272475,-5.144904931818821,-4.236595261841061,-5.9594400688185365,0.2901688873049948,30.557959301900173,1.857944723155274,-17.163830008790114,5.3544202108991765,-9.044728632912815,86.03176771690171,0.24452248309818608,5.590596809062683,7.424260040846918,5.082392129938206,-6.980059355727626,18.488766146252477,-2.661719351613352,-12.067234310499567,4.7503534654799875,14.349167610530532,-11.068012042827638,1.0147884455944922,12.31530871224189,9.151289298475762,-1.7682880619516734,0.39802129200057085,-2.46432501042156,-14.57722880861165,8.062388722116328,8.280489767740423,17.93030381703025,1.7060449391908608,-6.403574630206062,15.650825613977737,18.8410154947652,-3.1056758010183154,3.651386656321067,3.4119436343463243,3.3486034420565667,-4.68332796003979,-1.8239133724506154,-14.452976920519697,0.49264597084513456,-4.036299625095966,-23.494054150575383,-12.156554726304023,-6.906417386945201,6.2090471447856475,-13.53802531381372,-20.11269303967313,6.7190439663725545,-11.938626126357267,4.790141117206894,-2.345947878088168,-18.874930096668663,0.08612485242435533,-2.224962628765201,12.137664069607988,-2.7729347213483453,-0.609335864843814,-24.468930657949663,5.340668909905108,8.52044668676858,12.554124044848702,19.576769994929577,-4.970884486096789,13.835084742984057,6.233394045806091,11.8348095214454,-0.4774421002779949,-7.5028803586920825,8.073767681656307,-2.42950207189504,2.4220925888868408,-5.492281997338753,6.742590460503577,8.721178240023901,-15.798932090971734,-1.3970267271610401,4.770976942557723,11.447730563865319,-0.749647570878008,-13.562827073934107,-10.56880356313654,4.760357830702833,-25.08806246833905,7.577718410877299,-1.1791955302528654,15.016179080753608,0.7773689297587127,-10.803131066116082,-2.512769343755695,13.151874871401553,13.622380368523597,16.167862310258457,-14.760980054484778,-8.694297456343234,9.694745231577649,-21.61308595947317,-33.210716956426516,-4.547972191494222,-17.311970743837538,-5.568665104331255,-18.793020846472494,-4.436655137172452,-13.514900914096405,-21.978398539006186,-19.39197636894865,-10.207657526117762,2.4113464177001744,13.581830894095024,-10.94831715955698,-2.3319151361376167,17.61425092036518,36.683600828349014,6.536326005282021,-1.8373405836400694,0.1706008839689235,-2.6904639599802076,-3.119321297044505,2.66560966408744,1.9514671759834539,14.60938927756716,9.04602968289758,-1.2396671062083602,2.5237641817113836,12.533109098917999,5.072791342003759,5.851144920187392,-9.774279788134741,-2.833991469669088,-1.493260387977144,-1.3930207917685713,-4.278224560402763,-8.922014951837225,-9.228440462477671,-4.639976858597816,-3.519292677260252,5.901494582086155,-7.374510672798277,-7.816246341018318,-3.099114683966176,4.512587785983283,0.7690643330200899,-1.5742725738049554,-8.847029035889623,2.8060322184554614,-3.979870923731296,22.01886764794181,7.43756804427983,10.314372710532352,-4.828765602162129,-32.527566999427336,-12.563183360991486,-3.618473862936869,13.05539576279389,11.018454279412719,-1.5891942985094698,-5.760279271139098,14.912343740882909,-13.576302640249258,-6.1507750704355315,3.234858080727269,21.63106965183446,-0.3318703202996177,-6.039669748953252,19.164845339614196,-0.985044268149373,25.370028371003993,18.303120213730573,5.732308735367844,11.142661202254947,22.32442035266302,18.056859328243462,25.62389159166276,-11.230758281311477,-2.635492093428973,22.51812806259878,3.65392606282894,-17.63076748093154,12.034001125706922,27.50521077997877,9.068320792486233,-23.475415044127995,-52.17308371743282,-15.723040313980638,-12.939821630929698,-4.99559147471252,-13.324955207989888,-13.062908448710825,-10.469925438675421,-15.713431331843298,8.8372510667244,-11.183890738869199,3.919011471158469,15.484327458669718,-3.510819268146881,-10.933353647275025,-3.6369435714253875,-2.605435262867772,0.9669433928670621,-7.725014916679916,-1.437772896820944,-3.452447768738963,-20.20670584710832
-7.092732427195614,3.9899358140219396,-20.002514497681176,0.7170800987471065,-6.708595045828282,-5.861812679703276,1.8252075759000084,2.931592885391321,-6.875391450126931,-46.15211999777249,-9.659987641911252,-11.52505713449251,-9.939964994180771,-10.194339842485373,80.0968995809985,2.5332486316749243,-11.764134308634352,-5.009636240624773,-7.519913978561774,-15.511532657885786,-14.293765599069644,-0.20680753804197566,2.26875910159789,-6.586460404712418,-15.618279641020116,-15.888715856193775,-4.6625725340990805,-21.58545480066842,-7.6647390145777115,-6.199866743156462,-14.76779815602022,-9.585085170405396,-31.95133916610198,-12.375387397240852,-13.508725353554736,-5.478069406833498,13.42969514650417,-4.416233395202891,3.282322002972311,-14.079453523690745,-15.21568774399786,-3.3425679319472543,-5.316591092415744,0.5795657733186781,13.237117746252812,9.321088245898329,7.013171381088554,4.831471000085813,12.027657073790417,-11.477467445649197,9.57347630377178,11.598791354290158,-14.203964840349158,4.8647962188813825,15.390729704060773,9.83014932679291,4.18268980620727,6.55369849231927,9.547881379382105,-2.5680722683754342,7.231142525566383,12.239074541939795,-16.884514208545877,4.765980054721802,0.5320816583634385,4.927694013528436,-1.5660159541149572,-13.089343999173229,-10.134746722654548,-13.629767599570215,-22.62938045281359,-10.324472136596,-5.270603578169872,-17.850223504284113,-6.030352717689643,-0.26085667092858705,-2.909630876317203,-5.852120957806159,7.342842441270091,-2.5796451170798287,0.37545669031966056,-4.156196244779152,0.11255147663820354,3.273742269618273,-4.751959936775385,-12.91825839728082,4.0772976228531155,21.12538382865539,24.21629876811849,-6.761798759083157,16.614247470998123,8.015440244458784,2.5956188314540927,4.218344252490492,7.403934631831968,3.8529742544563383,5.4512167963340765,1.010364555040859,-10.890469033538839,-2.755464757579548,5.995586887567863,0.9980915067236443,-0.12682547944776149,15.21927461884025,6.127361766257667,3.9815552452780545,-2.0410722782108137,-3.66675016086531,-2.316159800975451,-31.53056101149433,1.8891318777338375,2.034451472449499,-17.704512873020445,1.2022186329302444,-2.663286112421366,1.234656602862511,-4.905906509797697,2.0205596670639845,-2.090826171771621,2.3057061534351666,0.6861799186373392,-4.882812811621307,-1.8483891597149247,-4.030072240929836,-11.358099922482372,-3.391023250037272,-3.260874839234208,-24.462544398664672,-1.8264670136593688,-1.6115331803632835,-0.3460244013468732,-7.829500034553795,-1.1921760301827262,-0.8251724148812687,-7.925750893292987,-2.7643887446332718,5.39190443694656,-5.212487259578589,-3.27640095570872,-0.8031583202845092,-1.5676810431357489,5.004452958192509,2.808177161757691,-17.984563092323096,-2.624255468701525,3.3721547777097456,-2.839328626754242,-7.010445755540264,1.378373987161441,-0.7588085329232693,-5.542520262897259,-2.926512992960051,14.859689482071106,36.373852540985084,12.40400448689485,18.514410869285175,21.516718548763148,32.75899184003727,0.8410514546931842,13.744088657176055,27.207027830610855,-3.515268475323209,12.220305663037664,8.24701737883116,7.088924794786368,16.45323774958299,9.403139693970795,19.624688726176565,26.008193612367588,3.1605011659516045,3.363194595848611,9.814209970279617,-2.6883972974479526,-4.272147630627932,-4.856776267934887,1.353533997996969,-3.8492616319521025,-4.358835686769785,-8.193900375821336,-12.471707631425241,6.040812224980143,10.060752156932566,-6.393286776002882,13.935538163352577,1.413671913369054,-4.125708182676523,0.3990301238583158,-2.4460312534045454,10.675098368771518,-17.005097483113268,18.843340351553373,5.10282594451361,8.523774824714357,13.593729581869402,-2.8982108116958294,9.716840222339155,13.483707957460025,-19.657922578923174,13.352595337828845,-3.1073551743395393,-4.249814632512457,1.5412612266951378,19.292592717000236,6.53811449664929,-0.8012539794842615,-3.124902487206305,2.8136252577185807,12.283937800138919,13.193647587404858,-7.200798614390013
-15.510451298595044,1.3969303577194074,-15.03649319987084,8.085766464477429,2.0254421525124586,-17.244616422720735,5.951796387818296,10.942790896826619,1.169369422534526,-16.266179110428137,14.110725779252075,2.2423860442399497,-8.457802098365947,10.856700255103984,-39.455183939532674,6.428094489122663,3.233046135349231,12.05129576730935,9.62841757788736,14.801901199148332,-13.616366978232138,2.8913021355127713,4.434234515710929,12.770150254846897,2.820812839795902,7.230496150299836,0.5418665009666489,1.4366492175094487,9.889357153093524,-12.4708410589504,1.4531112747215518,-5.408827799951778,-0.4679224304603426,-1.4727598880584112,1.2015553878230139,-13.809482219814978,19.819367934340175,5.796604649786669,2.4196540913932485,1.0897865723609377,17.286164227631836,4.310600850795839,11.48392708352175,10.590435085480694,-53.821213917230736,5.899567660605636,-11.340518797680193,-4.116268110120406,-4.134711999079981,-6.632720384552482,-4.386746553532196,-5.951711749485655,-5.575563788630125,-2.310015602033935,-3.0053276876222905,8.191153855335928,-8.298430678535093,-2.301442547483687,-3.4847627898040643,-5.679520505469953,0.22701725824817087,-3.757969239803222,-1.8401088177683178,-9.513879816896738,0.8005133902477953,-0.9814704672644966,-0.3287133599933362,-0.345061505809225,7.577403842045586,22.991057593799688,3.2998027954337723,5.633581411734606,5.528027591956865,-7.977627702086491,19.441828345278978,-13.091592381367855,-10.180376278875517,-5.064448873609172,2.405760564607002,-11.495917342607687,-1.4458864427685096,-0.9198614296620529,-4.871812026621368,3.5502073637652907,-0.7737602130960413,-6.5234207576763845,7.766968622361598,8.632127157845247,5.1235800932953905,-4.283140795155482,24.049289845225154,-5.7023650605332845,-13.964372326148636,-5.871220666082047,-9.122516653485429,-34.2409898729789,-8.873565023476397,-5.828500370246158,-18.700252758614837,-1.9301924733931966,-9.222663721074387,-4.96186877639076,-18.090779943110043,4.779873098289468,21.880714704497283,-0.17664022265235044,-17.85451469151076,-12.516622660935196,-15.396982824609582,-5.789591728042394,-10.442705150924356,-6.50101655514648,-4.452278112433473,-4.516999888228259,-20.165845629166796,-16.666164977541285,-9.760256805276155,-22.941635383900447,-23.169275013876227,56.65851242537915,7.500151204035991,3.243690375280674,10.415331730745528,11.156457469093846,-8.428787242720324,12.158886345302308,12.186098275544136,6.47187237393291,18.0230155842547,-2.9248214842877247,-5.136268656215018,7.0089724043723995,-5.026861626394173,-16.672775881875218,-4.962028959865801,-10.042080615929596,9.616001379703512,1.370647742904445,5.307167298074848,1.5747882448277766,-0.7967044361740936,8.015958547018597,9.8810746852703,8.14119429564537,19.38002175995361,1.3201108714834353,-2.128255026127917,1.6760442572397347,0.05526314691426556,-18.42363503782449,-3.4131772015218527,4.10907308377916,-3.752728089508258,1.774740701032603,29.837757202282976,14.289615785141574,19.674793959384026,22.330379846467352,10.733174172431793,8.612570260035778,11.881089624035292,37.19970308426422,8.810441038483217,14.058465041332326,-13.525591067277391,-2.074559771348727,-2.82085536499874,-12.610683055352203,2.7284916553944303,18.637803020616907,14.326821404795021,11.297397308408884,2.0359756065040218,5.470222537769475,8.197210994066793,7.119074384044294,11.408848089021491,11.750889998189455,2.258469346253576,-14.290269425243956,-12.19365505152721,-10.182652299570554,6.104148406403793,-0.8323084147104407,1.978715475361022,-13.20363286859899,7.030719643749926,6.897542395365004,22.86662474741353,-15.261630576019906,12.81750462854939,-8.960834425122155,-2.8023303057914766,-4.997109335118743,-9.933792395602886,-6.639873919051679,-9.617543077217869,-5.009235882008804,6.786829027353242,1.5869367996236274,4.501275126576907,-12.30216697862446,1.0798606782732665,-6.811359950401151,-10.325336637111148,-4.105106920060135,0.22744965947244306,2.7395778811919,-5.428415725226815,-6.342853078001159
-18.6246408806135,2.0195103885011148,-8.481027453748146,-1.3667384883180698,8.753843521478345,3.6408518812539903,-5.006000643405491,0.9246829825131263,5.767064268754815,2.290769282844677,20.259319187930135,0.5896177941421138,-12.422578187138503,-6.859060185040444,7.857004755931685,4.607861251695759,6.717433266545693,4.62307577060652,8.144464632392605,-6.046984142376268,-1.7810696854729924,-0.3429156283144829,11.212452334146292,2.224709076259829,10.414133314946797,-6.3319765241608055,9.326453105390804,-20.65550724074055,-2.0369267122107915,-0.4913138808406401,14.388913793734812,6.6439784290039805,-3.7949300616916086,0.8998058896084387,-2.3234427999659766,8.20458004482387,-10.745802049100979,8.17817993615023,3.973323189030934,-5.450704282821548,-11.546918476788727,8.17753268979283,0.3127681402755402,-10.870367737846365,29.331442431455823,4.080467099056371,-3.839190248166438,2.495236413423195,0.7786535940145728,20.20089461790129,-3.6806192711993715,0.8249579561460864,-12.051263899341762,-8.740051014230485,-14.736300659847826,-3.9678418328355995,-1.5426309848215323,2.460716972465398,0.277562534570753,10.829615376874326,-0.6089804854249093,2.4051731973666057,-16.267885671170973,-4.530257444481356,-4.168565391119127,-26.31132007523758,8.248741921650444,22.554151755439154,9.812949661276921,4.9093115708657855,-2.0240109723165314,14.405670744782515,16.338075672903834,9.547499321693357,6.211302027226871,-1.6578127806712408,7.485051253792471,-1.4214563610179074,-3.6317958031291653,-5.746760475053482,-4.4414726523975405,-12.310493160944441,15.311955271055561,4.234517094947398,-4.858918990678528,-22.18384505938789,-4.669201507399578,1.904218899341981,6.091450573590883,0.258009633305532,1.3005344911553953,-9.95785982341103,-6.3531020271429774,-6.884175878614994,-4.071808036429483,-0.44786268052671385,-8.843158421362448,-9.298176523422695,-18.455380980910363,-0.4837449128406174,-0.3151022628189745,2.3199829470186315,-7.3142255857826415,-5.481858808694592,-20.34201664293567,-5.158698987173336,1.970752009366747,-0.9376684511856943,15.583932608709636,-5.889896023513625,2.930872844316926,13.600835648101292,7.581081523606901,-4.454769174337201,-19.551756285526828,-25.250428920795446,17.525025436429196,-14.487885641618503,-17.635348863817185,-9.069877024561562,5.1468178147979255,8.442538576978453,9.746766459196431,0.6915339410456433,1.1256913442071146,11.501815346426948,7.966024529173608,8.768619373974722,-3.392301100974506,2.9522871394683636,-3.8115099876259912,15.936885979189743,-4.264808195838374,-9.535306767358083,3.354464903412078,-4.7009294321156485,1.0972818657205838,0.9503195465593385,4.072703426863961,-0.7316108826701281,14.355170579958292,3.364751664690846,3.9632474401467124,-1.3528217241602376,-5.145491305811612,3.1843485532542437,-0.4206984095042766,8.356645320313241,-4.205765531534116,-10.557444751393675,-3.537353252116113,8.125888901680492,0.40636939719289683,-11.298921896257037,-14.148402958635877,-4.383505675923499,-6.536908402390576,13.025326280631951,10.881335717667746,-1.7296042642971943,7.922915998733244,-24.02956155374065,-10.895297284347334,-5.014198643916865,-4.249590677587502,4.080372182314129,-3.2793983935009594,-11.078000868022194,-7.742964674558,-9.93046784238869,-25.42476747403545,2.3193341722990373,1.983324245712982,-0.6344592312044195,5.022106091705341,12.077890154621931,10.130461360810799,3.3769628066171595,2.111844179438527,11.472229709208959,9.278394919492197,5.625782136115127,7.384710380101806,3.580502415467763,5.303192742556221,-11.350350109858239,4.905614737460018,2.492175411864985,15.38719740411157,-22.04954601118184,-1.3529637201875415,-8.395309924950872,2.407959855017143,3.908450882162487,21.274183078858762,0.717007392308071,-0.38036324905377766,-4.7810012334832805,-2.5852709535522287,12.265411438531912,2.6273414070248875,0.4656477364436439,8.149526241594941,6.099578708848698,-7.950694292753531,3.0527922273943306,7.498759427195405,-3.826327058196779,9.902959793895418,-10.246135878046509
-0.807669383409365,4.703098857147786,-12.692434937834781,-4.361871492517074,5.163200487418944,8.631783420692134,-2.546736642509894,2.579113083624565,6.718867466857894,-18.886581798546402,-4.999867342463882,-6.656452872462871,-1.851544033573833,-1.0726750050822969,3.9066789996966342,-3.392609021288494,3.6725644843245107,1.1308001218029307,6.281516823836675,-17.53572725917302,12.427742472344011,-4.619082297415117,2.6529995205904524,-0.6705538449532437,-1.3636172452007227,-12.673582109711784,7.252083083629051,-4.45436433616473,3.548245125996582,13.310930675432722,5.528527816190157,13.137352838502125,-1.8419978604276488,0.5368208117752373,-1.2189204528956572,-4.404879262172141,4.39811282310766,1.4853004750355958,9.836711981619692,4.1824191912188144,7.645939278783616,-2.397969442387609,2.361975042734452,21.795516017825236,-17.032327812341023,-2.6390054264780893,0.9119196117543532,-10.452761235313798,-1.0264388191560074,2.282099052417684,-10.407704584281662,-5.830333677620992,-4.705684606513954,-0.26070697767910034,-5.377118537207504,-2.6193037996649657,1.79143928688652,-5.828046883116641,-1.5102041841941183,1.48765369802831,-8.044078808525647,-0.14209561249825584,-5.370411205614991,-1.5288210784719012,6.914049220924032,-1.4956490462058623,-4.596559995086702,7.660811237557966,-0.22439197891760765,-5.79362325437963,-10.039486280737544,6.721104301244548,-0.45040313987034075,5.72229558612454,-3.1154382454681575,-11.212638635314098,-3.147838640457953,-4.025901128780299,0.899347498190533,5.31107345211347,-3.301752905418212,0.5571715208354049,3.064410611433192,2.088520489611289,4.235094742135151,2.687027958337232,-2.8009041523277105,-0.785211291489267,4.635254910437608,3.7252474557919912,-26.64222586480738,2.8444133017765654,-0.17663180006666165,-1.7869525805925908,6.746752586620802,26.365995480820654,-0.31829742975245895,5.112559990830354,11.217692046246892,2.6373431971661034,9.994736180328937,8.112379197507225,4.310961332414631,-0.8725596946790795,-13.215289221298809,-0.24682000901909354,12.78914419132356,13.188876805066421,18.839363867795676,0.9603746457002102,7.2683354046471065,7.0177352125256816,8.019461004956993,11.618542368462087,-1.0034321831905157,-6.562669696699009,3.99424645852389,-1.08986750577291,-6.135971348360548,28.35464005874708,-5.3105688521214764,7.137362489349529,5.931271883965237,6.366278525546463,2.218807103540701,-0.19602735528137666,3.1329760747426256,1.3904516337213402,5.37912216003294,-7.440322550167248,-4.927767297070135,3.7981747173794975,-0.9609704214224619,2.225885510333316,0.546046530222635,-18.19606274998221,-6.3424095248486365,7.165893231628918,-0.9508473119805,3.4745789900483266,-5.617900310863866,2.675960727613678,2.361219976849893,0.009365066787431873,3.4442080680655485,-3.1640191296512716,-2.9824222318433633,3.6764453080168007,1.2693367667565076,3.8979990239805145,1.8080224574406707,-2.5790184762467248,-14.825542575624915,10.030812177330436,-8.652972426448565,-13.274075502585092,4.665933717306704,8.34914913298647,-9.698427661747077,-0.4236931245429134,8.110482539489544,6.791793897765598,-5.706516516433883,-0.02100738595839041,-4.890152323485469,-7.403909409055049,25.42627343934192,-2.627269237648604,8.46903323711351,7.897865395169979,7.85706281942275,-7.171606781138442,-7.0000068043514485,-6.361411864941539,-5.210039245107163,-11.232870815504294,-8.610235794747435,-6.330573396418083,0.06554010874561188,-2.88217362709484,-10.130172300365926,-4.767110848832255,-6.574798712167938,-12.343452313169232,9.845082392750703,-3.3914981194541682,-5.631012733252222,-9.086915525550165,-8.516042636752129,8.637305021858301,-3.5364287650821953,-2.880402119148239,-8.725885128112848,1.9277729032128361,8.976808647729667,-9.909782830912304,-5.963546054261289,-4.124533767548626,0.8018853464326621,5.657884532727509,2.437167200737374,-8.47088649873686,-1.6535483880316593,4.778141723994441,0.4187235920529945,-3.20281232944629,1.7706564303785846,-4.096587407582417,-7.0473299393005755,-2.4928923284606346
6.173943985210138,0.11602847656551356,-16.752046803048337,7.488704410531546,1.4351660221396736,-15.147498321952456,9.38347722331325,22.059147807008763,-0.14380264078037946,-13.336336403008854,-5.921403975745722,-2.908535499437037,8.380254085862651,-2.8484654474234876,7.237430645003346,-0.8403282020047963,-2.49052290740047,5.321037068937236,5.933814294795769,3.137523685352706,-9.122031244343392,5.201365713561768,8.990877289822025,3.779933114895745,0.49445511484123156,2.4444131567890195,1.9593680008550578,-4.913636195900466,-1.7448142066921637,7.039088096248824,0.34739946560145674,11.815594432993644,-0.12871484134644914,10.989232994733106,13.555792552103997,7.921209025804442,1.9044442350162782,-6.699298244250921,-5.560097326826901,7.799381572868679,2.710986621886819,-4.616076810743341,-9.838736917952101,5.496757757768411,0.03543434864474997,-6.896484165883795,-0.4792172856009483,2.3749152917575476,-0.7764130676567444,0.2071095759779212,3.439517700341674,1.2611043092763956,8.39195445426478,9.665668575382355,6.694798331218724,-6.911942380473883,-8.86200244798174,-0.5349363262217214,0.8435496908545017,-12.503268312792482,-8.187980486370378,-4.339576338526601,2.034491849452496,2.621483883660195,-7.15111309047049,12.850261507286202,3.1023761203590845,-7.190621060428997,8.73634689345892,13.442460959421892,-7.247107492225177,2.85520914662003,8.605253662379946,8.588816827441471,-0.24140196438184167,3.0114732664561537,-11.752102882680656,15.024026632362403,-0.1588100821407229,-5.88702217318202,-0.9869612628934911,-0.15524285511632474,-3.8320887179760232,-14.583560253861762,-2.0361517644334644,0.19694605168034274,1.6069761691496824,-2.305229756145203,-10.485271259613231,-11.251817419541693,-0.9378314771508603,-2.6091452053095376,0.8239595412399513,-4.576269677940681,-6.215282204969803,3.693619668238287,-3.827819195013318,-10.025535869627532,-5.183986421994689,-8.886428019967756,0.8008591940406327,-5.85821036913511,-8.911214330982657,-1.5071417077708005,-1.223182041892375,-0.07379091911652454,6.3101698713390295,16.981740331960268,9.108390136539603,8.387587282072575,6.6527987982391075,-0.08391056609951217,17.734277388827024,4.810239692379415,0.09477889350945519,-3.024580666793998,4.06796197008186,-0.5388434047675135,14.524114064510577,12.51818008635053,-6.116817963741782,2.2302882025056086,-7.249346331556784,-1.7364193249852196,-2.162048895850501,-1.4779512938716104,-2.009580979166971,4.629385970598597,-1.0474954699776509,-1.990315180605395,-6.052558027442438,-4.484083025441178,-8.195554288091222,-8.251667231241639,7.804669125125867,12.220878745328829,-1.8371813275263893,0.5725250312988859,0.1451993874330482,9.293666867770577,0.7511675092971746,4.037696581114466,1.2489906810610147,8.19622968511947,3.490880960204671,-1.7105403467976805,-8.680267830215909,2.697739596830273,-6.5459736022984405,-6.547086852363683,3.545133459502714,-4.837804022711196,0.6503898420023243,4.008351788502165,-5.932424769755873,8.179629560044289,-0.47666250976288865,4.546332492836324,-1.6499855045214873,-4.7786541896195365,-7.557511161416509,-15.199141650737493,6.711019174820507,-6.663843236502576,-1.468048452361163,-6.873927602734984,-3.0780776361836217,-3.5900246469858716,-5.146551659094833,-10.462686656390467,-1.4520107584690614,3.015061715838602,0.370132261713997,0.8528375982053585,-1.0105428560485272,0.653905859693971,-7.194221693366459,-1.8167224632669745,7.428245466929011,-12.641780823099799,11.389487466726568,2.4847827193594427,-2.993434226608618,4.63212136956093,-16.957213676273827,11.068894646388866,1.9892640315880017,2.816132960506006,-2.785296954890173,-21.205107544381566,-13.518633471646849,3.372987023479066,2.811623667205723,0.14309195064134825,2.5725233132105427,-1.6337785657351456,1.7403742999285352,1.1289738113530605,7.605971817335219,-10.075859407630183,-6.7815899270780635,-0.9131453473636099,-3.5915683465971013,0.4080403282359507,-3.1827456070303017,1.443332179625614,-9.436594656932357,16.45709230455805,7.230095904801869,4.461492534791336
8.705879271367076,-1.5225776033971212,-7.949140018831701,-1.2523299134610444,-4.8058227269937275,10.55511165448379,-0.12052068745553589,-4.286839062329227,-2.564560552544847,-14.790475064514881,1.7633048197811376,-3.153787551959209,2.0363604549375465,0.9187373273541557,-12.018123770611284,0.4925316337061862,-8.386757386198546,-3.6210281781066045,-5.166254708656905,2.382236443107351,37.624743721979925,-1.9820850693410108,-7.357308299499836,-1.6429326095133827,-1.9354521867758496,-2.451559992648759,-4.022363935761418,9.894621022229884,9.090984583388927,1.5743577534009083,-0.5353182794081024,2.7444155426691546,-9.294647314523035,4.701229240921246,4.039835957234912,0.1913458162461295,4.4906583391421195,-4.033565814194822,6.5210564305677545,1.1487882883043252,4.50841092495908,1.42960797427499,0.5801355316583546,4.618416351068882,7.0112875349171455,3.940390252960343,1.7315290321160672,5.3156024593346975,7.471865176085009,0.6532986518434908,4.134857604563886,2.031071399061263,6.431835356893112,3.4537068450920017,-7.847220510684743,-3.383672767816091,-2.569904987321874,-1.4977451818043146,1.3594750144920722,-13.926769545612233,-1.1638992284776581,-4.889006984481925,1.4462827133648872,-5.799420038734682,-3.1399194009786053,-0.43265971343953835,-2.074459354223104,-7.279275324887096,-2.099592981787205,-4.025711023062115,-4.3813249463685295,-7.486464091947899,-6.236870455970969,6.0417564241493285,1.8967993649864656,7.181783873272595,0.002756333409178493,-10.30413857580926,-2.0613000114596205,-3.4831906572168703,-2.587189352574292,0.5019511907202737,-3.3945924059241355,1.218790499999978,-5.317359149910643,-2.6290338367686896,-4.593875047510495,1.1724237248641463,-4.404616592582176,0.06823557049596209,12.911041534268929,1.504267535928666,0.8901767991655829,1.0638726041527,1.897000155292972,0.09575511765819568,5.797102015138687,-1.0438764160996037,-1.9181414208789762,-1.762788176607546,-2.895846316757561,-0.7623020418656888,5.083293988621587,-2.0926443690823637,-10.981889665941223,-0.6009384110056077,-3.6369316229475737,-6.022367601479937,-3.390629242671184,-3.560574583528428,2.597815690050362,-3.961920254822892,-1.064878560480381,-5.417937071697187,0.06762639478887485,-5.4053017582354785,-2.8433954779996973,4.673004461352238,-2.2396854434804596,7.651603240474898,6.557945474425152,-5.190803096845913,0.02757195128147297,-2.823063601441639,7.564096361838906,-1.7881301216336207,-2.964807049791692,5.344694029391962,2.295031640149089,2.717974145394486,-3.8854338474239904,-2.510673892917258,0.32274837474761353,-3.101827147189489,-5.884673354611445,15.774549500207447,5.876433446646947,-0.022820458038743986,0.7275103477577265,1.1998443104900844,7.14729214819354,0.33839142249654053,-0.16047351070396979,7.826329593453294,-3.201745940337542,4.2378925315851275,-0.36077849056133465,-1.2728073623895764,2.2916075225648465,-3.440510531000227,-4.507724381584487,3.4939204383261973,8.715980629278283,4.259462814578554,-4.531889864448088,-1.2539391073354802,2.007492350745346,7.121561634229671,8.539624196777218,4.5474297146870795,2.189940577052571,-11.75736927138919,-13.921668785298081,-7.039749734928958,0.4527953645726052,-14.53116141690423,6.4560453157690105,-11.884942890343803,-1.458576973207782,3.167408610381204,0.5680199006748325,1.1771309917442063,-4.808095835064815,5.395449472809357,2.8928631357165497,-5.737355960045154,1.6174833771958843,-1.6351376510968643,2.9408645025271016,3.013373584982208,-0.707119935237441,-0.3452801922697371,5.0128390750889,-3.9048067521827017,3.6524182958064113,-0.018894958193902286,0.35260886191598595,1.4926339666602906,2.4230122961169602,-4.687792187351095,4.728620772220754,2.010333857336295,3.6024382623120514,8.906556403166865,-0.28713200644296094,5.072043099532963,4.166532930267008,4.0286141708676375,4.692380103522876,-4.639425809757018,-2.562324886601094,6.414869977932483,1.1489644868265583,-4.744388737097381,-0.7117107122058021,1.5839703865377757,5.724955620737079,-5.53659159728636,-0.7451914427096613,-3.0600487982874394
-9.968099507186247,-0.04578643075150629,3.1679334685700478,4.891749294682031,-0.788203913476467,-10.95197041389457,4.613253215130076,4.64468908250891,-1.1371110413840098,-1.6625700734938604,-0.36425083478283443,3.297620986636395,1.764679461436629,0.8608095089280166,6.319552126459929,-0.2292244941911522,1.446941438379335,2.438009198406736,5.573127518325397,0.17864289428255364,52.53882197229196,2.056984595981312,1.1737267996858602,2.2372260481329653,0.8461979094496275,3.2467144218005646,-1.6963918734615508,-5.746037346047033,-2.421263974656493,-1.264287807959857,-3.32493280832295,-1.1478509874922127,6.257598342079763,-0.8033304422545376,3.264963489837366,-8.710716158326365,-2.840763477902873,-4.068305711004108,-4.288115934411385,-2.4305534615347453,-4.417362262130107,3.3557369843822693,-2.2453600106110794,-4.314398452940609,-11.589808617688439,1.060765339335521,1.3133781735933998,3.666830212590487,1.1617479021119952,1.2395229111963613,3.6115182813669966,4.731748950891884,3.071590227071574,-2.564890197598197,4.686367607232879,0.6661551924372838,-0.7011379850677997,2.953928844058773,4.253451352910719,4.826181308313817,2.748462607829437,3.359589757908115,2.6617295899548283,-0.5317008243378492,-0.6550899059039844,0.9716853321513543,0.6330608699579406,-1.4487145688087748,-0.9118071971964192,1.5292563556472412,-2.0920069536801997,2.1512722616236615,-1.9101049465741808,-4.76561153498423,-2.4812583566852413,-0.8082797511430097,-1.9550508376553108,4.688267106603594,1.847235631117134,-0.6179860757046578,1.929820874577657,3.8403181347895696,4.627982824839483,0.006530654246854061,4.109689266160338,5.307698917723968,-0.7684842350132404,2.574858301325313,3.957308199451872,-0.40173853685012173,-8.076933261505001,-2.6645017769806216,-5.175867499643647,-0.5758627165297718,-3.2996250512233556,-2.9498263244460574,-4.068028761325567,-1.2989266504569321,-0.9692401803835958,-6.116036520431258,-0.5199025620776545,-0.962338881425583,-7.211335044725945,3.9707527041406796,6.934095033866019,2.848524691674358,0.8275924487851372,0.2095949821409808,0.8050930058742842,-9.637365528465189,0.3555622130304106,4.053278715794163,0.17872101534031035,-0.7519582955846966,-1.4241259421653885,1.1425005609155474,0.06037473292088117,-4.540464140946487,-8.787973077876016,-5.392192395465984,-1.906318969413332,3.079279077283146,0.9738606201313984,0.25994266715831116,-1.671625400603325,0.7435903392336303,1.2727736105758314,-1.8268013674329653,-3.5402169068581926,1.2823385361756103,2.428345495774947,-2.257088934658245,-0.09497784642315286,-3.492382827927989,3.6518871279369516,-11.342578903407173,-0.42161533599165874,2.657706288494149,1.6556642018290446,0.3967934637620539,-4.387371758831701,0.9805741819353947,2.140234682674715,0.017881477071090918,2.551605710047264,0.8291099298962781,0.9731189962896729,0.16600561819623058,0.6230324366823689,-0.6159213562202217,1.5681992462425902,-4.605506998061501,-7.182289270549212,-2.860713240959878,0.8234586529112627,-2.181230624479267,-1.386330408411581,-8.700378150703164,-3.686485715531842,-0.36191410894906895,-7.851056235909281,-9.562711268452995,4.270041569265124,3.459365621990273,-6.7090271069588105,10.605459236711795,-6.2324004935187585,5.907542258958975,-0.38479709983189875,1.059203982264818,-2.303202024734614,1.9736421557877,-0.8478876017748233,4.866125985749895,-0.7041508112768887,6.412142088779191,-2.315244644731639,0.02144966616076914,-0.0316406581122268,-5.933901867277172,-0.3285384828981419,0.3203932476767547,-3.0863937225669575,6.474009240961472,-4.298186315834231,-6.869516357736946,0.9045536889646681,1.963651966885119,-3.3136219179147464,2.516704993960708,-0.9948709101411598,2.087521423166112,3.4214436932898065,0.5496382412132469,2.964255444419952,-0.14951599821242925,2.2267946643021324,2.0585077568165118,-1.0108737959988463,-0.8853834640341385,-0.06182267783568864,-3.6971971078593833,0.7546924297365345,1.1750886844149095,-1.7687115062815608,2.3537806283023053,-2.8537635139846507,1.1351085973983928,-0.3625263369771132,0.26621112266759833
-0.39411604811994966,1.5685408019538543,-0.7404491864749868,-0.05273665645123683,-1.645105391132472,0.011191323856710553,1.6337846802657363,-1.4853543044681135,-0.7218409447489544,-5.967618701740742,2.4215875859038887,2.2085606963930617,0.16994064816953877,4.698044007533464,8.163927927718943,0.30260513188019617,-3.456941461927915,-1.3604303998418605,-1.3869078731464348,6.173574429266852,1.3640777696409998,2.8732450634430005,-2.0971541381052226,-0.26158652497126905,3.5205020367392996,-4.849371344089528,1.5765296940522018,5.069816196274269,-1.1450880499628306,1.9051689375650573,0.19846845618455594,1.7592954483951664,0.030659918509604905,-0.9842265378061588,3.786597902639151,-4.14046959593074,1.3317707460007648,3.5072209359574646,5.526329396317756,3.4962601490615817,13.687345356772699,-1.1826379885586946,-8.886307609786172,-5.881936367053685,-5.838032953653333,0.25288654392513266,3.0659226413965013,-6.29968672503673,-4.09516239530063,-1.0434924731060127,3.0944145509616767,-4.703400888527604,0.46307508062264846,3.060615499815677,0.5918788693063515,0.47983946137045247,-2.0875990702924483,-1.7106794033332036,-3.5482644903913783,1.5616500825692814,-1.9574085827955603,-4.135999331011162,-1.8589703706749543,3.3727642877120507,1.5363073330141186,-1.4159409467062283,1.1949577107755187,-1.5449015922966998,-1.3322229950990854,-0.8505323369691198,6.687163127054666,-1.9040596644452543,-2.643802093966525,2.1052042057229428,5.232143130283775,-1.5718144018058755,-1.5386682870955932,-7.874227161021338,2.3762420574067384,-3.0218985228571977,-2.588015387549551,0.13282197652976152,2.852530355845143,-1.589926949158967,-4.901268978662906,-0.030514140519240524,4.565508458974049,1.6382650657339988,5.379808761263672,1.4699799261669368,-0.30829107107775305,-0.5772929050745326,6.194931302147072,2.458006984319412,-4.81230058586581,1.1721057475398557,-2.877785839771085,-7.324073618085747,-4.88218521401346,0.8034722587185293,3.1647333109618248,2.4758043300666412,1.7334305168471371,1.0121893178374224,-2.571158780728702,-0.21077170514496832,-0.6396793903079975,-3.6368164175756736,-3.0420618116195577,2.53011272291593,-0.37596860585041636,-2.694678816601464,-4.037186206220181,1.3474386078044842,3.6774523327357267,1.5680714874655917,0.3974641673826247,-10.708268574947388,7.0272238337448405,-9.681704710956321,-0.24559750388924573,-0.8258757251174794,2.6788413153216903,2.029944161201972,-2.170126092575272,-2.5193526317741584,-0.6027860679942741,0.1302524744559394,0.40127498932117206,-2.225437160945893,-2.304827319780542,-2.976228980089433,-4.2766566290704855,-0.8309570988148292,3.9346472699483708,-5.064993716212269,0.819248251805607,-0.646608762235666,2.235849526912039,3.83206423280126,3.9264413534768807,-1.230083652091086,0.4127387216615484,-0.6851965290161741,5.328515757415517,0.07124659324223429,-3.5666991840669557,-2.9259564915940826,3.577478286080821,2.054091058999249,-1.8558058638533983,3.304192725132487,-0.5641548983488119,-7.42847661500257,0.6816252937344518,-2.0771582247855704,-6.532237275486223,3.7878293253412982,-0.28428271525918675,-2.183088749978774,-5.95017631543762,0.8075495681851698,1.4834975211128487,1.4497409689301006,4.0526762222467365,-0.751510784349436,7.515602915433818,-1.7843354516452654,-2.810110587716956,0.5116540926428645,6.166185576174439,-0.5408359645572792,5.564858583620271,-0.384948064578726,0.8286878865499834,3.6712234894137152,2.2944249030762927,-2.4047793485169673,-1.7593164926526976,3.701604096174838,3.4919081178270552,1.0314463306551294,1.9367071722557434,3.520747201362588,2.858674539582432,-1.0462398773542907,0.3799167686781031,0.7895648855455227,-8.776544844851287,-3.4329230258323573,-1.2476848384714032,-0.3619932844696041,-0.9464231621302862,-1.5541204714873922,6.245954262632372,3.1493017100240697,-2.5530832343539416,-3.0697856617240142,0.5935583334042216,1.1663650853173722,2.1793394234737677,2.947440971112641,1.7803918567431045,2.8299246049565445,-1.889208836207484,-1.2121987895275501,-1.788395708584439,-1.1224338727767356,1.462794585500687,-2.7628542712761965
-0.5337436365026744,-0.4841937066901864,-0.5501595938692796,1.0354220389902726,2.269854234745938,5.246731017210472,2.7624283469851756,-3.367600022089076,-1.9544024552561534,-8.256418506970192,1.8455644717415183,3.2329082112143834,-2.9217777837045236,1.5333969211413638,12.31174072187449,1.3943829807130272,-1.188974427441867,0.6523001316642202,-2.024456371379586,1.3021184872729683,-4.781628147640428,-0.258353550161816,-3.2444960801803195,2.1986342012798024,0.5168851427334279,0.454125709928425,1.0223857790769073,3.391480680602445,-0.021945803726169662,0.47751982075045774,2.1172893354168734,0.8951067520713829,2.53551865412529,-1.1752886297057437,-1.482286077260803,-3.3509963651733825,8.020292311230392,1.4129783073072408,3.0254138896244087,-3.7387040762901558,3.22022146615916,-1.3962337292953702,4.048891146178278,8.372468814210178,-8.068501136806063,-0.9701608786112321,-2.904941352146067,2.414137560156284,2.680198894487574,2.4604752036069772,-1.6493716070309812,-0.12715567824214258,-2.3386681368183067,0.5187774031109507,3.827616966508565,-2.228487097172169,-2.887886064798679,-0.5258735203696459,1.8570188535165073,1.8171309443639523,-0.04509347491971293,-1.6247941742119782,1.2320794395785062,0.14567855224976137,-1.4026985341225133,-2.983884983284717,0.5106852985188152,-2.2101408807723573,2.6768388391254003,-3.2686959627103236,1.3977333802038179,-2.1523809364360162,-1.6748953764759238,0.9057290728079886,5.141412222213707,0.7367166456295621,-0.44872447871488125,0.3121866331244038,-2.481287403565891,-2.815594325248605,1.6395684471462357,1.5364488733962083,-0.005302698494757244,0.7707613465823625,-1.173090452760653,0.41918819025454845,-0.6467079412828382,0.1113254483617855,-1.1337564490575534,0.14335335898176796,8.876203382140524,-1.7364994175042727,-5.356770417703835,-0.9331021575350587,2.101254714761407,-5.528495179732806,-3.71281345087526,-0.8686885121798996,1.1145925655786142,-1.178032099872,-2.500594407217697,-2.136044392507663,-2.260389201950534,-3.6654687880536367,0.33349139566863023,3.217123266057556,3.390158002226236,1.7150656989537736,1.5848104612059624,1.3782644373247337,5.047207912077843,5.609488741391216,-2.55083648047888,7.250502943361317,0.9343451858470885,3.642859848053458,4.1651446228212174,4.419958382303516,-2.540417488077796,0.792938207699761,2.6406821498029043,0.10471180354699763,-0.402600382680226,-0.4212803001944689,-2.2941321623839275,1.339684213239062,1.366651511344799,0.5616482385345215,5.660473223114145,1.9465280097528928,2.514784526035173,2.129272704635871,3.3847318566876314,1.0026849418631658,3.1357461158694733,-0.36012115655390764,1.7484368850680292,-2.6686392657701448,2.0242612677403296,-0.27286976022713694,-0.8204481886420274,-1.6109503155373328,-0.12837434716524757,-1.7657368409741736,1.9729712182242474,0.46910318670595375,1.3835216940114101,-0.5673202775400211,0.351533489101794,-0.7166196367543589,2.7851175992616444,0.4161253068094604,4.690072352644859,-5.96462713378893,-4.230692924806735,-5.98704488967095,-0.6315702432276136,-5.341721005236131,-8.329870585052,-5.510773675845172,0.4452619587564906,0.35266769319214225,-4.869650748397625,-4.251685926436254,-6.0560376238904094,0.540958740783292,-10.776573042890446,-4.577772181608678,-3.5953402035582607,-4.178743817863205,-8.304070087436756,0.3755310024349473,-3.057541755906334,1.5127594317943858,0.9926311171360591,1.613228845921201,-1.6742883094533676,0.35432027203061783,0.4018297224298036,-0.9219917724598128,-0.18013326429038382,-0.004967418442404992,0.24903035642273288,-0.6640493333943343,-2.021518024357585,1.1820275921321717,-0.32110765447152756,-1.5277881754631895,-7.459216795324413,5.262606718457432,0.398040321748347,-1.4343840290013254,0.2910706170806747,3.8464211181718824,-1.481733748688345,1.3259843486973915,2.3969210414762543,2.004672065204054,2.721988468597238,-0.7525809510569655,0.14104312015146722,1.4166613598912152,2.081019997889597,-0.15661178701025827,1.2080437986523163,0.9278298688082564,1.8909307728853837,-4.773364724361477,-0.177688637433499,3.025384045941598
-1.7966030190165287,-1.0530908554365788,0.21727420519643037,3.440066940223361,-1.7205166072035036,0.8910631390533501,4.6353839371215235,-0.7695537940342057,4.188058990807225,0.6171847866131225,-5.9291552988775145,2.3075027224499496,1.6946199530355521,-3.8882940512886504,-2.2113564223797293,-1.9820765375709126,4.103865640250125,1.3027384462805272,1.4304544906080776,-5.955394399590711,-3.4696760112200336,3.5953254440412334,-2.100822829875567,0.10326571094764268,6.040569442157327,-1.547493328920756,3.0924093708102816,6.200071235943992,1.32121120619375,1.067668820478391,-3.9702219255686426,4.564594193177404,1.19897458395216,-0.858235858133335,5.652087414771529,-2.343559175851483,-1.6696578401059405,5.5892060468207205,1.9333844782545757,2.8103502279165533,-0.7325304614122695,8.100100876229394,0.2804974646176884,-2.5433506563768122,-1.5725951057924272,0.4149795615882695,0.0770496359100149,2.935732178777971,1.3224316099972129,-4.710653122715479,-0.6967339084118086,0.5768518038535628,0.8277015563585958,-2.4703959405881695,-0.20246003637744275,-0.83554227951452,-0.08826091852574237,0.8426824432687063,0.5816481994533349,-4.912911865864099,2.9603836307159916,0.12631894975217378,-0.39178746393679137,1.3623586752035046,-2.287283925302252,1.486224242493468,-0.19950200514136116,3.8760515682745056,4.346570556933491,1.2422359852804217,-2.45572836605474,3.58453989429156,-1.0657883963708363,-0.3942654363696871,2.3382669972919947,1.3218913573990219,-0.7496021911192584,7.0963530389163765,-0.7844364688752171,-0.19656419022728916,-0.6974602371887391,-2.8010931424564487,-4.699189976578882,-3.332736318032355,-2.6848121231283044,-3.5730612282968464,-3.5461947872701503,2.791567111961707,1.6782218175822137,1.1312116209603253,-0.8802707690908839,-1.4949838942667655,-1.5628785127749287,-0.29215422739823194,-2.9029515093120883,6.921834958767355,-1.241144393157962,-5.380469109546568,-3.0594365495403446,-0.7027310558601185,-1.6148306294393067,0.5970944496907992,-3.5661575113581363,-0.438461623531083,-1.1373052745937742,2.659368181596822,0.6285388011050281,-0.6791024725523033,-2.886908844177603,-2.9058321615354603,1.7892738261311454,-1.9682862032089958,0.04518900333869287,0.8822127898324562,-0.08096379833709276,4.65696770529886,-1.670383796111152,-1.4404357604971185,-0.3210984533257501,-3.840797172713922,1.36092716188112,0.8494144155354623,1.1197052444251787,-2.1707419414316256,6.175317282276109,-2.785614821287588,-2.3712724314775935,-0.29841444317575594,-2.2498948534163548,2.577605986623702,2.088802291586208,-2.513423351063992,-1.608538657421648,3.3377382035816625,3.2382414289433004,-1.677344699087217,3.5408123427781804,-1.7002961901019358,1.3123288054583735,-1.2233121902860062,0.04989420899860796,-2.312762300504636,-2.267393841411381,0.14129445424913947,-0.8902100464954641,3.218340075982887,1.1688377008866562,0.6698061089058263,1.091702185588799,-0.6802874468159719,3.1446282786576605,0.9503373675929286,-3.1193381988826268,0.8741238367877442,12.418412299760607,2.650011858523544,-0.9472751177155027,9.581063331953725,-0.26832696137438555,-2.945933022901139,3.2704974471344586,-2.5723390292300903,-3.465051751045952,-0.5779554766381989,4.67796171364742,-5.193475175993675,-5.2120552528261035,0.3144122307288403,6.773386298828282,-4.667614812208902,-2.780225651047719,-3.8014955550828504,-3.207482153994346,1.75543242891807,-1.6612044713480203,8.608831095774802,-2.8975476389044155,-4.346234447708901,-4.428344364377582,1.818205264085888,-4.661037063594869,-3.9201617880084574,-2.8165825687240305,-6.299726507345407,2.205415024953156,-5.222560822140605,2.2707214956437465,-2.998131045960882,-4.126018736305567,2.7689605576964924,2.352631601410058,0.9374807808833371,2.3466919690529946,3.436828538173655,-1.5375804249324092,-2.1028949290181633,3.825664387159055,3.5536246943611474,-0.733237473435529,0.07744982661068456,-0.6522828850876935,-1.3085559741345496,1.5061700167201864,-1.3883266712627709,-0.12371489890540985,2.7912083767517135,-0.6804216389001112,-3.0538497309776926,-4.353342487839083,-1.5525363683267783
1.3770006933858785,2.6508677296717704,-1.5642396351078085,-0.7992908571377312,-2.2842939666457784,-0.8963598660103477,-1.6278267214907303,-1.0709691060277888,1.8877677017325445,-1.4803720879715274,-5.153657893485236,0.002611011275454339,3.363371866826825,0.2591857664956716,6.669485723918542,3.819751615917314,4.308091826269387,-1.2395306694909096,-2.6615342350625046,0.15906118616681653,-1.6236612583207022,3.5380547528558175,2.0491128955178968,-1.292599919966617,-6.361880389598296,3.411651986893961,-1.0897113358562935,2.4171244466717288,-2.5961235609024573,-2.887570399787954,-2.2104199969035205,-2.876321128298015,-0.897384009467541,-0.29373615106081546,-2.443966511104569,-0.9989781108690388,1.720337522537501,0.7267232517130187,-0.9091139305887606,1.3013762547655028,3.919386053244263,1.036168501202303,1.0291004880140082,3.332874906756578,-6.076986407503481,-0.0452904643584309,-1.896173557492835,0.8638317456537198,-0.2627930804358605,0.5545253160560899,-0.1750171956203657,-0.10679679781100661,0.714284969002849,0.12053273975365202,2.0688633347168537,3.1238675334404027,3.7160454951837534,-0.8202971310935955,-0.2303093566575114,-1.8909856958603668,7.22728287057697,2.0908336429191223,0.847424531023208,-0.6376833307778158,-3.763309993682204,3.6646436008381484,3.13837048815883,0.7430858156679566,-2.652073340230692,4.343273704824216,0.1257204438857909,2.4287189897071513,2.224190260766436,-2.254670697207436,-1.419169087908957,0.27825216504978384,5.6047580353320186,-0.5901132408894941,2.0892488352735947,3.9854630236944777,-1.3019965388559147,-0.356113207542462,1.5902700458195282,1.999779973055407,-0.07122298410180793,-1.923652543433011,-1.6337357908241354,-3.298287927156554,-0.7014898007366612,2.0968501794149303,1.6957780044891033,-0.44990328541006896,3.6631018948928573,-2.378116330184202,-0.8653308778947917,7.7239661879024,4.695875252593074,0.8741184949995787,-0.2936982786676341,0.9600366921064746,-2.270827462591147,0.5285052695308683,1.8761244806120487,3.921027606628998,-0.15094084782251868,-2.231298182727902,-2.454232711742812,-2.2789280280940556,-4.5946193504082435,-1.7464275397194469,-3.0760239289972584,-1.93194338794076,1.4399890618239966,-0.9647951829541771,-1.2567417451872491,-0.5706516556969325,-2.170987565088586,0.23684003816044247,-2.1302498945156683,-0.5352112432375334,-3.4241250175204927,1.7639849037894189,1.540552130997438,1.9138847850320067,11.26383201468004,-1.1777887944128824,-2.131879511456743,-1.9001125684855613,5.986003309988474,-0.21008700840748654,-1.5906875437309111,1.673264711128913,-1.3290107831125046,1.008257044727284,-2.811512474387536,2.1832416749155596,-1.6282730887251347,2.052436760533093,-3.0428611540260766,-3.4747182560766743,6.74819493848583,2.9771016166469884,-1.7451853653673335,0.9086431119152466,2.895046577572094,-0.5679947010681603,-0.07207965541569646,2.1429079971449796,-2.9020781594435046,1.2635220973662125,-0.0682482536633058,-0.34757980561257157,-0.3343195446801326,-1.744686373431614,-2.061518719280427,-4.762058185158926,-2.709535000910444,4.188559549055337,-0.06323883487782049,-5.04717204447489,-5.810937371411625,-6.225763426021533,-3.0091330237720992,-0.8902159459098685,-6.18750684140337,5.655619066234689,1.670141352391203,-5.2651506138032635,-1.4526985236160348,-0.5664599034055628,-5.794253930585253,-0.06315749451884536,1.6034019516675881,-0.5023701462204987,-0.9631335758355797,2.010628855792975,3.0393954910329386,0.9898957280629269,1.2688246837858823,-1.5086384329814053,-0.08693921674903822,-1.0034220883110394,0.26806777726055264,-0.11794123340566436,1.3713536533377768,1.5592796884020392,4.2711287720398445,6.308698322990523,2.398559740733936,0.12634632443032506,-1.103514407908419,-1.1921321424148477,-1.588528236913498,-2.8378840780474213,-0.6238374050589244,-2.7013927497474817,-3.4075694510406525,0.18193205072515573,0.4137212232123312,2.0924742984176454,-2.2353967854422225,-3.128090832939941,-2.403418708218953,-0.2718773301155192,-1.3300644563853035,-1.3279116181806483,-1.9283328523723902,0.3071775668557286,-1.7541035145909138,3.866497914530526
-2.2612152997608606,-0.7407685526486961,1.1988480533319001,0.5727758393196644,2.172818149274009,1.3669578448392126,0.45929343966755115,-2.319269981067227,-0.9530419372084534,5.000086362407121,-3.533761239817929,2.6136003099380365,7.7386712770251584,3.664102594394892,4.421980364468975,-2.751766270409662,1.6230694220619115,3.4980996725957776,2.6305364394210873,0.04966746482863785,-3.6758792749800167,-4.1762675157436435,-3.9506046478484893,3.317070111610518,3.041893628921722,4.476314060045575,-1.8258093702861335,6.709371661982094,0.1244219553772756,-0.16582349701249255,1.754587879981682,0.8579967029725317,-1.2055782270884452,0.5407585862922437,0.9402590674151022,-1.4811757406030568,1.9533415030433197,0.8699927111582292,-1.6688062725216808,-1.5729094242136348,-7.379743066404691,-0.7936149517281827,6.314559543173516,3.615385823531285,-5.008538150715735,1.8247748152373804,2.4678128790509506,-1.4897428880613395,-0.5162240179191283,1.7409081217843378,1.4245239422668092,-0.07643813522473492,-0.3567490059339733,1.8008107638903195,-3.176939428344794,-1.5015985564850192,-0.7402728126623577,-1.285177333162486,-2.3905814517124226,2.701877587411734,-4.445122570170562,-4.806070705326177,-0.7707731425669533,0.7533451503172135,5.098894093712151,-0.9764673878786224,-2.647253415554811,-1.8781706163095209,0.739213809462704,0.3824292622327395,4.114788249439433,-2.0627133662624595,-7.2263178409530395,-1.36194896019055,1.677030453488105,1.3902529624678719,-5.5022283063856765,-2.961800724064313,-2.053155072682463,0.03529995415581692,1.4789128044052404,2.5653425615417786,4.435137601689479,0.19530855518663057,2.925901640843885,-0.7058455992381586,1.3906881354167808,3.737319940030964,-1.834717735257666,0.2062284787396334,-1.6025109847634598,2.0026547704265703,-2.246582519479291,1.1783829164538138,0.9124501257263716,8.186899832085055,-0.9465395367016185,3.1535067334460174,0.34428966268711275,-1.768228914412029,4.058046090691297,0.9993317336177501,-1.023924683672393,1.5773891675116722,-2.180013508906669,-0.18196925633689418,-2.0329172739313197,-2.279557760423097,-4.119920987638133,-3.3431854262295815,-3.5474257416166193,-0.9463492365375472,1.7866557334371986,-1.1094385734877878,-0.6941345081457791,-1.1103703674969336,-0.4582588298234793,0.6754801237564033,-0.47575480988945695,2.533688736616161,0.9121694085404044,-2.945259133897235,-1.0808564360583786,-0.9752139116125066,3.764574382022219,1.9901183354167076,1.5255461233510383,-0.1347019772273127,-5.558127680679577,-0.7267272761255132,-1.1551093688602259,-2.7286864683870355,0.39158496655792435,-2.0563699417016412,-1.4893764293376177,-0.7562310913323763,0.6111987636030649,-0.07084766695823809,2.290599657215929,0.6193166869568979,0.6900784927920157,-2.437144085912581,1.3987388151312503,0.6998796869720396,-2.3695183872250167,1.487136336853233,1.6520655335970567,-2.0331174828143963,1.3353841378058242,-2.1562479639968584,1.9939130127997469,-3.3057669471795417,-3.4187776494476414,1.446741097794125,-0.46060270081167703,0.5686740666930965,1.0673449156337818,6.655294245200714,1.1409521438716446,1.6870932945346766,-1.9796148438048564,-8.043627631014795,0.9192687698483447,-3.1613633486029262,1.0426667448908156,1.4760791495401777,-3.5443320443931308,-2.946626572998313,-5.289426048773414,-3.817850412618089,-0.5604968970634131,-0.5502921986227682,2.143874718074814,1.5634134625118783,1.3806409667073651,-1.1005431439226112,0.6992166297846903,3.5089106991271004,-1.0766391964196136,-3.11615736551262,2.8764469689322314,1.9603966425526764,4.74558979505836,3.564306089437696,-0.38267324550462106,0.0643516900654692,-5.377298326088336,-5.155356243376191,2.9997845567693533,-0.03944602305530388,2.3578934073595215,2.115579575391516,-1.9410402100900712,-2.9482991130053415,2.2312046185271326,-1.04125933959963,-2.965272928596787,-0.6777357122005944,0.24174208681694836,-1.2522667519070134,2.0290915270112992,-1.1807135373165984,2.30642607435051,3.4960944016304927,0.27459017954298487,-2.2156007198064973,0.829699413959603,2.930907446907241,0.6077973008011973,-1.7958350114920454
-2.2079882320244457,-0.21039131113888676,-2.5320027092320934,-1.525119613937572,-0.9509803243762278,-2.685664926932391,-0.022268043517764253,1.0288362292051612,0.21127610146832357,-3.580149374994349,2.877225211683421,2.614827729310165,0.5631596394407433,1.1953083084882605,1.8132065446761627,-2.2818480397336853,1.847705885563214,-2.3765831709693312,-1.1436314603976807,-2.5940384026709276,5.375447546137968,-1.6549227950116006,2.3505753941973033,-1.8283119136117176,-2.4431018349202267,-0.14668712884091004,-2.825805749165736,-3.104285401948876,-0.620238650644021,1.576381815832833,-1.2976358254524638,0.6322755925490328,2.432237536508774,0.6405233510439772,-1.1660244159181585,0.4191598365215224,-0.936451389666164,1.5915639831612887,-2.7498330280592858,2.3175679180120037,6.4774301640407215,0.7732287113108924,6.561973053013414,1.6780045615032086,2.951888842564409,-0.32499745835436217,0.03003379606640481,-3.7146246514734917,-2.104962476001001,3.350919050717205,-2.3111023425811084,-0.6124651326694343,-2.452105186431787,-1.0076113662042956,-1.9818462167087196,-0.9163293777067522,0.0008549154478777795,-2.555301823190571,-3.613229849599101,-0.5416136595896655,-1.9182550117139099,-1.2648621436088445,-0.8294747173806225,-0.9274164474500208,3.9694392814683424,1.5048623542131854,-0.36154998331833005,-0.4600862233033104,0.3425707886527517,1.6596375856874996,1.5430161056053329,0.14710214743212663,3.545979311099633,0.9093963231791626,1.410016782556721,-0.8327141472727808,-1.9425986583564605,-6.005165973781477,-2.438307525664978,3.9110173411975744,-2.3713786968555524,-1.8855201258554464,-1.4040266548615943,-1.8885735969225295,-1.055204042890171,-1.2662897294787916,0.008877241733931233,2.071372927406526,-0.9865084529894086,-1.3175222634536794,4.651663391509566,1.0161159834502873,-2.128813024750682,-1.0250973957960297,-1.9294530323289931,0.5909001153897,2.4855612645106056,-2.39212637267695,-2.566946045222446,2.5275228979185336,0.3379253128278617,3.0664405590128134,-0.21686951151121844,2.1307277928707715,0.011252654115495059,-1.3128746886574028,2.196475609514534,2.506736511738912,-0.08198045264334397,5.290200483336833,1.9987160580456949,-0.6723939093390379,-1.6969993914833186,2.6641326017467524,-0.3100603740907451,0.040852726489646496,-3.10783155170803,12.305694224335397,1.3493598461818979,-2.6018475067339795,-0.9368328685514575,-0.8810813198755575,-2.8828317871587763,-0.3754530266631353,-0.43734623301961567,-0.5457756233665243,-1.4897037393158123,-2.6069016191075542,-1.162371644190907,-2.6960363097622024,-1.0987654148003516,0.23767921207476028,0.06111384944424157,1.5751278651916412,-1.0080772934643392,1.375343425642271,-1.8063444096750816,0.9709132185935833,0.8124713297173055,0.5496066634789973,-3.360947362198989,-4.222069234436153,-1.308493398343587,-0.45766379873207447,-1.1538734740263206,-0.8045689927189095,0.38256461417044774,2.061731398550987,-0.7141604733823528,-1.939520988899329,0.46609044412675465,-1.2579798898534054,-3.7601688972870186,0.11088695818460387,6.870033892314175,0.9735185916047249,-1.6126291275217604,-1.1273145863900733,-2.2273946855539166,-0.5395059029338359,-1.3828078771172474,2.444779132038438,2.3235066797016506,-0.7123538346724482,0.01931368721137573,1.6976817026585973,-4.167272112257135,0.1330240539674484,0.6503455362183528,-1.8635049567720772,0.562804224386425,0.6289798793886269,1.114664470541343,2.3339757836137403,1.0297795496795104,5.819458321787544,0.08415091269074843,0.35109323043599433,-1.5425303069844214,3.537257411295005,0.42001966544054714,0.3254251082889031,1.386762444807303,-0.22140653764355334,3.864917881401211,4.423188095621112,-0.3404764697862522,-0.7345187560614812,6.985369819399481,-3.1950414536965748,-0.11614754039238406,2.072414815208276,-1.6870460287904891,-0.21062949326993557,-1.1006224898576054,-2.394653544726827,0.2711641319048243,0.7423973607839015,-1.3002999147131946,2.6206767915711313,1.2341120107207972,-0.00889133368038576,0.34341308205536425,1.043077341051544,0.9997421320166349,-2.2813986495420053,-1.406688522136466,-2.219975626887131,-0.04263710101243496,-1.8541390736685146
